id,Airline,Flight,AirportFrom,AirportTo,DayOfWeek,Time,Length,Delay,filght_time
1,CO,269,SFO,IAH,3,15,205,1,0:15
2,US,1558,PHX,CLT,3,15,222,1,0:15
3,AA,2400,LAX,DFW,3,20,165,1,0:20
4,AA,2466,SFO,DFW,3,20,195,1,0:20
5,AS,108,ANC,SEA,3,30,202,0,0:30
6,CO,1094,LAX,IAH,3,30,181,1,0:30
7,DL,1768,LAX,MSP,3,30,220,0,0:30
8,DL,2722,PHX,DTW,3,30,228,0,0:30
9,DL,2606,SFO,MSP,3,35,216,1,0:35
10,AA,2538,LAS,ORD,3,40,200,1,0:40
11,CO,223,ANC,SEA,3,49,201,1,0:49
12,DL,1646,PHX,ATL,3,50,212,1,0:50
13,DL,2055,SLC,ATL,3,50,210,0,0:50
14,AA,2408,LAX,DFW,3,55,170,0,0:55
15,AS,132,ANC,PDX,3,55,215,0,0:55
16,US,498,DEN,CLT,3,55,179,0,0:55
17,B6,98,DEN,JFK,3,59,213,0,0:59
18,CO,1496,LAS,IAH,3,60,162,0,1:00
19,DL,1450,LAS,MSP,3,60,181,0,1:00
20,CO,507,ONT,IAH,3,75,167,0,1:15
21,AS,128,FAI,SEA,3,80,206,0,1:20
22,DL,2223,ANC,SLC,3,85,270,0,1:25
23,AS,112,ANC,SEA,3,90,200,0,1:30
24,HA,17,LAS,HNL,3,100,380,1,1:40
25,US,122,ANC,PHX,3,113,327,1,1:53
26,AS,114,ANC,SEA,3,150,200,0,2:30
27,B6,766,BQN,MCO,3,240,169,0,4:00
28,B6,768,PSE,MCO,3,262,180,0,4:22
29,HA,206,HNL,OGG,3,300,36,1,5:00
30,OO,4746,BIS,MSP,3,300,85,0,5:00
31,OO,6466,IYK,LAX,3,300,53,0,5:00
32,US,1011,EWR,CLT,3,300,111,0,5:00
33,US,1983,BOS,CLT,3,300,135,0,5:00
34,HA,108,HNL,KOA,3,302,41,0,5:02
35,OO,6900,MKE,ORD,3,302,44,0,5:02
36,9E,3975,GFK,MSP,3,305,68,0,5:05
37,HA,102,HNL,ITO,3,305,49,0,5:05
38,OO,4829,OMA,MSP,3,305,75,0,5:05
39,OH,6338,GSO,ATL,3,315,93,1,5:15
40,OO,6505,LMT,SFO,3,315,95,0,5:15
41,US,149,SEA,PHX,3,315,166,1,5:15
42,US,1640,MCO,CLT,3,315,97,0,5:15
43,US,908,TPA,CLT,3,315,96,0,5:15
44,HA,106,HNL,OGG,3,317,36,0,5:17
45,9E,3854,DLH,MSP,3,320,58,1,5:20
46,DL,1276,MSP,ATL,3,320,158,0,5:20
47,OO,4651,FAR,MSP,3,320,62,1,5:20
48,CO,1585,MFE,IAH,3,325,64,0,5:25
49,CO,222,MSY,IAH,3,325,70,0,5:25
50,EV,4966,VPS,ATL,3,325,69,0,5:25
51,US,1521,BWI,CLT,3,325,83,0,5:25
52,XE,2827,MAF,IAH,3,325,85,0,5:25
53,OO,4719,LWS,SLC,3,328,87,1,5:28
54,9E,3702,RST,MSP,3,330,50,0,5:30
55,9E,3775,ALB,DTW,3,330,120,1,5:30
56,9E,3886,DSM,ATL,3,330,135,1,5:30
57,AA,1711,BOS,MIA,3,330,210,0,5:30
58,CO,611,EWR,IAH,3,330,233,0,5:30
59,DL,1143,CHS,ATL,3,330,72,0,5:30
60,DL,1511,MSN,DTW,3,330,80,0,5:30
61,DL,1518,MCO,ATL,3,330,84,0,5:30
62,DL,1698,JAX,ATL,3,330,80,0,5:30
63,DL,1842,SAT,ATL,3,330,142,0,5:30
64,DL,1972,TPA,ATL,3,330,85,0,5:30
65,DL,2054,PNS,ATL,3,330,75,0,5:30
66,DL,2112,BHM,ATL,3,330,58,0,5:30
67,DL,2306,LIT,ATL,3,330,97,0,5:30
68,DL,2711,SAV,ATL,3,330,65,0,5:30
69,DL,2995,BNA,ATL,3,330,67,0,5:30
70,EV,4940,OMA,ATL,3,330,147,0,5:30
71,EV,5014,ICT,ATL,3,330,132,0,5:30
72,EV,5044,ECP,ATL,3,330,68,0,5:30
73,EV,5117,DHN,ATL,3,330,70,0,5:30
74,EV,5393,MGM,ATL,3,330,57,0,5:30
75,EV,5532,CAE,ATL,3,330,64,1,5:30
76,EV,7108,PWM,IAD,3,330,114,0,5:30
77,OO,6917,ACV,SMF,3,330,65,0,5:30
78,OO,7781,EKO,SLC,3,330,70,0,5:30
79,US,1289,BOS,PHL,3,330,84,0,5:30
80,US,1420,PHL,CLT,3,330,102,0,5:30
81,US,1732,ATL,CLT,3,330,68,1,5:30
82,US,347,PDX,PHX,3,330,148,0,5:30
83,US,913,RIC,CLT,3,330,72,0,5:30
84,XE,2263,BTR,IAH,3,330,72,1,5:30
85,XE,3024,HRL,IAH,3,330,70,0,5:30
86,YV,2605,MYR,CLT,3,330,62,0,5:30
87,HA,103,HNL,LIH,3,331,35,0,5:31
88,UA,576,SEA,DEN,3,331,159,0,5:31
89,OO,6644,TUS,DEN,3,333,112,0,5:33
90,YV,7294,SBN,ORD,3,334,46,0,5:34
91,9E,3661,CAK,DTW,3,335,76,0,5:35
92,9E,3725,TVC,DTW,3,335,75,0,5:35
93,9E,3804,CLE,ATL,3,335,128,0,5:35
94,AA,674,ORD,MIA,3,335,185,1,5:35
95,B6,728,BQN,JFK,3,335,231,0,5:35
96,CO,463,ORD,IAH,3,335,164,1,5:35
97,OH,6423,DAY,DTW,3,335,75,0,5:35
98,OO,6698,MFR,PDX,3,335,74,0,5:35
99,XE,2865,MKE,IAH,3,335,174,0,5:35
100,EV,7101,BTV,IAD,3,336,110,0,5:36
101,9E,3998,TLH,ATL,3,338,68,0,5:38
102,9E,4196,TYS,ATL,3,340,57,0,5:40
103,CO,214,DFW,IAH,3,340,59,1,5:40
104,DL,2123,BOS,DTW,3,340,144,0,5:40
105,DL,2597,RIC,ATL,3,340,109,0,5:40
106,DL,2626,FLL,ATL,3,340,118,0,5:40
107,DL,684,AUS,ATL,3,340,134,0,5:40
108,EV,5583,CHA,ATL,3,340,47,0,5:40
109,MQ,4563,CMH,LGA,3,340,100,0,5:40
110,XE,2616,LRD,IAH,3,340,66,1,5:40
111,XE,3006,BRO,IAH,3,340,70,0,5:40
112,XE,3015,CRP,IAH,3,340,59,1,5:40
113,XE,5970,LAN,ORD,3,340,71,0,5:40
114,9E,3659,ALB,ATL,3,345,183,0,5:45
115,9E,3862,SAT,MEM,3,345,119,1,5:45
116,9E,3949,PVD,DTW,3,345,135,1,5:45
117,9E,4143,FWA,DTW,3,345,59,0,5:45
118,AA,1141,JFK,MIA,3,345,190,0,5:45
119,AA,1297,DFW,MIA,3,345,160,0,5:45
120,AA,2320,DFW,ORD,3,345,140,0,5:45
121,CO,1677,PHL,IAH,3,345,219,0,5:45
122,CO,1727,BWI,IAH,3,345,208,0,5:45
123,CO,240,AUS,IAH,3,345,55,0,5:45
124,CO,278,SAT,IAH,3,345,54,0,5:45
125,CO,633,LGA,IAH,3,345,235,0,5:45
126,DL,1095,OKC,ATL,3,345,127,0,5:45
127,DL,1112,PIT,ATL,3,345,131,1,5:45
128,DL,1506,LAX,DTW,3,345,270,0,5:45
129,DL,1580,SFO,DTW,3,345,270,0,5:45
130,DL,2320,PBI,ATL,3,345,113,0,5:45
131,DL,2481,ORF,ATL,3,345,120,0,5:45
132,DL,2710,DFW,ATL,3,345,132,0,5:45
133,DL,2939,DCA,ATL,3,345,120,1,5:45
134,EV,5142,AEX,ATL,3,345,119,0,5:45
135,EV,5218,SYR,ATL,3,345,158,0,5:45
136,EV,5233,BTR,ATL,3,345,97,0,5:45
137,EV,5362,SHV,ATL,3,345,123,1,5:45
138,EV,5501,VLD,ATL,3,345,62,0,5:45
139,OH,6264,BDL,CVG,3,345,133,0,5:45
140,OH,6549,MFE,MEM,3,345,118,0,5:45
141,OO,6407,FAT,SFO,3,345,45,0,5:45
142,OO,6647,BZN,DEN,3,345,107,0,5:45
143,OO,6925,PHX,LAX,3,345,85,0,5:45
144,OO,6964,RDM,PDX,3,345,58,0,5:45
145,US,1423,DCA,CLT,3,345,85,0,5:45
146,XE,2919,LFT,IAH,3,345,58,0,5:45
147,XE,5951,CAK,ORD,3,345,95,0,5:45
148,OO,6480,IPL,YUM,3,346,34,0,5:46
149,OO,6843,EAU,CWA,3,346,32,0,5:46
150,UA,756,SFO,DEN,3,348,158,0,5:48
151,OO,3099,OMA,MKE,3,349,81,1,5:49
152,9E,3718,ERI,DTW,3,350,65,1,5:50
153,B6,107,BUF,JFK,3,350,83,0,5:50
154,DL,1248,IAH,ATL,3,350,130,1,5:50
155,DL,1985,DAY,ATL,3,350,114,0,5:50
156,DL,2387,MKE,ATL,3,350,129,1,5:50
157,DL,2405,PHL,DTW,3,350,115,0,5:50
158,DL,734,MCI,ATL,3,350,129,0,5:50
159,EV,5165,AGS,ATL,3,350,60,0,5:50
160,FL,331,PHL,ATL,3,350,145,0,5:50
161,MQ,2734,ABI,DFW,3,350,50,0,5:50
162,MQ,2796,GRR,DFW,3,350,175,0,5:50
163,MQ,3014,FAT,LAX,3,350,65,0,5:50
164,MQ,3332,LBB,DFW,3,350,70,0,5:50
165,MQ,3632,CLT,MIA,3,350,120,1,5:50
166,MQ,3781,LIT,ORD,3,350,105,0,5:50
167,MQ,3842,MSP,ORD,3,350,95,1,5:50
168,MQ,3892,PHL,ORD,3,350,140,0,5:50
169,MQ,4013,LEX,ORD,3,350,95,0,5:50
170,OH,6498,ORD,ATL,3,350,128,1,5:50
171,OH,6629,GRR,DTW,3,350,61,0,5:50
172,9E,4391,MBS,DTW,3,351,59,0,5:51
173,HA,218,HNL,KOA,3,352,41,0,5:52
174,OO,6921,MOD,SFO,3,352,38,0,5:52
175,9E,3935,EWR,DTW,3,355,130,1,5:55
176,9E,3955,LBB,MEM,3,355,119,0,5:55
177,9E,4200,TYS,CVG,3,355,64,0,5:55
178,9E,4274,AMA,MEM,3,355,120,0,5:55
179,B6,735,JFK,BQN,3,355,215,0,5:55
180,DL,377,BDL,DTW,3,355,130,0,5:55
181,HA,202,HNL,ITO,3,355,49,0,5:55
182,MQ,2864,SGF,DFW,3,355,90,0,5:55
183,OH,6262,OMA,DTW,3,355,137,1,5:55
184,OH,6414,AZO,DTW,3,355,58,0,5:55
185,OO,7014,RDM,SFO,3,355,101,0,5:55
186,9E,3668,TYS,LGA,3,360,131,0,6:00
187,9E,3724,ABE,DTW,3,360,115,0,6:00
188,9E,3755,SWF,DTW,3,360,120,0,6:00
189,9E,3757,BGM,DTW,3,360,103,0,6:00
190,9E,3795,SBN,CVG,3,360,60,1,6:00
191,9E,3845,AVP,DTW,3,360,105,0,6:00
192,9E,3850,FNT,DTW,3,360,48,0,6:00
193,9E,3871,BHM,DTW,3,360,125,0,6:00
194,9E,3875,GSP,DTW,3,360,115,0,6:00
195,9E,3893,FWA,ATL,3,360,115,0,6:00
196,9E,3923,IAH,MEM,3,360,95,0,6:00
197,9E,3957,ATW,MSP,3,360,76,1,6:00
198,9E,3985,DSM,MEM,3,360,100,1,6:00
199,9E,4008,BTV,JFK,3,360,100,0,6:00
200,9E,4026,ORF,DTW,3,360,125,1,6:00
201,9E,4058,LAN,DTW,3,360,50,0,6:00
202,9E,4239,ITH,DTW,3,360,97,1,6:00
203,9E,4272,ECP,MEM,3,360,90,0,6:00
204,9E,4324,DCA,JFK,3,360,82,0,6:00
205,AA,1056,TUL,DFW,3,360,70,0,6:00
206,AA,1140,SAT,DFW,3,360,65,0,6:00
207,AA,1143,TPA,DFW,3,360,170,0,6:00
208,AA,1215,DCA,DFW,3,360,210,0,6:00
209,AA,1225,COS,DFW,3,360,120,0,6:00
210,AA,1406,OMA,DFW,3,360,125,0,6:00
211,AA,1584,LAS,DFW,3,360,160,0,6:00
212,AA,1596,PDX,DFW,3,360,225,0,6:00
213,AA,1602,ELP,DFW,3,360,100,0,6:00
214,AA,1615,BDL,DFW,3,360,260,0,6:00
215,AA,1631,MSY,MIA,3,360,105,0,6:00
216,AA,1670,AUS,ORD,3,360,165,0,6:00
217,AA,1755,ABQ,DFW,3,360,105,0,6:00
218,AA,1839,OKC,DFW,3,360,60,0,6:00
219,AA,1843,BOS,ORD,3,360,175,0,6:00
220,AA,1878,SMF,DFW,3,360,205,0,6:00
221,AA,1921,EWR,MIA,3,360,185,0,6:00
222,AA,1965,STL,DFW,3,360,115,0,6:00
223,AA,1994,IAH,MIA,3,360,135,0,6:00
224,AA,2037,BNA,MIA,3,360,135,1,6:00
225,AA,2060,SEA,ORD,3,360,245,1,6:00
226,AA,2103,IAD,MIA,3,360,160,0,6:00
227,AA,2203,LGA,MIA,3,360,190,1,6:00
228,AA,2299,DTW,MIA,3,360,190,0,6:00
229,AA,2301,ORD,DFW,3,360,150,1,6:00
230,AA,445,DCA,ORD,3,360,125,0,6:00
231,AA,526,SFO,DFW,3,360,215,0,6:00
232,AA,528,LAX,MIA,3,360,280,1,6:00
233,AA,548,LAX,ORD,3,360,240,0,6:00
234,AA,552,SFO,MIA,3,360,315,1,6:00
235,AA,654,PHX,DFW,3,360,130,0,6:00
236,AA,708,AUS,DFW,3,360,60,0,6:00
237,AS,454,SEA,LAX,3,360,150,0,6:00
238,AS,55,ANC,FAI,3,360,58,0,6:00
239,AS,600,SEA,LAS,3,360,143,0,6:00
240,AS,62,FAI,ANC,3,360,70,0,6:00
241,AS,81,SEA,ANC,3,360,219,0,6:00
242,B6,1001,BOS,JFK,3,360,71,1,6:00
243,B6,1133,SYR,JFK,3,360,85,0,6:00
244,B6,1224,RDU,BOS,3,360,101,1,6:00
245,B6,155,JFK,MCO,3,360,168,0,6:00
246,B6,162,RSW,JFK,3,360,156,0,6:00
247,B6,1695,BOS,MCO,3,360,192,0,6:00
248,B6,19,BTV,JFK,3,360,84,0,6:00
249,B6,247,OAK,LGB,3,360,77,0,6:00
250,B6,370,FLL,LGA,3,360,159,1,6:00
251,B6,371,LGA,FLL,3,360,174,0,6:00
252,B6,442,TPA,BOS,3,360,167,0,6:00
253,B6,45,ROC,JFK,3,360,83,0,6:00
254,B6,52,MCO,JFK,3,360,141,0,6:00
255,B6,68,FLL,JFK,3,360,160,1,6:00
256,B6,701,JFK,SJU,3,360,218,0,6:00
257,CO,1045,CLE,IAH,3,360,190,0,6:00
258,CO,1428,CLT,IAH,3,360,180,0,6:00
259,CO,1617,MCI,IAH,3,360,118,1,6:00
260,CO,1810,SMF,IAH,3,360,220,0,6:00
261,CO,1815,OMA,IAH,3,360,138,1,6:00
262,CO,308,PDX,IAH,3,360,238,0,6:00
263,CO,469,SFO,IAH,3,360,225,1,6:00
264,CO,759,DCA,IAH,3,360,206,0,6:00
265,CO,89,IAH,EWR,3,360,200,0,6:00
266,DL,1084,ANC,MSP,3,360,326,0,6:00
267,DL,1106,SEA,SLC,3,360,120,0,6:00
268,DL,1157,CMH,ATL,3,360,110,0,6:00
269,DL,1181,RSW,ATL,3,360,110,0,6:00
270,DL,1249,PWM,ATL,3,360,192,0,6:00
271,DL,1297,JFK,ATL,3,360,168,0,6:00
272,DL,1301,IND,ATL,3,360,105,0,6:00
273,DL,1371,BOS,LGA,3,360,68,0,6:00
274,DL,1401,BOS,ATL,3,360,190,0,6:00
275,DL,1445,DCA,DTW,3,360,102,0,6:00
276,DL,1447,LGA,ATL,3,360,167,0,6:00
277,DL,1504,MCI,DTW,3,360,118,0,6:00
278,DL,1602,LAS,ATL,3,360,223,0,6:00
279,DL,1625,BWI,ATL,3,360,120,0,6:00
280,DL,1767,CLT,DTW,3,360,115,0,6:00
281,DL,1831,PDX,SLC,3,360,107,1,6:00
282,DL,1889,CVG,ATL,3,360,103,0,6:00
283,DL,1949,RDU,ATL,3,360,87,0,6:00
284,DL,2205,MDW,ATL,3,360,120,0,6:00
285,DL,2280,STL,ATL,3,360,110,1,6:00
286,DL,2437,CLT,ATL,3,360,82,1,6:00
287,DL,2480,SEA,DTW,3,360,253,0,6:00
288,DL,2525,BOS,MSP,3,360,210,1,6:00
289,DL,2530,BZN,MSP,3,360,138,0,6:00
290,DL,2581,SDF,ATL,3,360,84,0,6:00
291,DL,2806,SFO,MSP,3,360,222,0,6:00
292,DL,2816,LAS,DTW,3,360,233,0,6:00
293,DL,725,SFO,SLC,3,360,113,0,6:00
294,EV,4942,JAX,DCA,3,360,112,0,6:00
295,EV,4946,ABY,ATL,3,360,50,0,6:00
296,EV,4979,TRI,ATL,3,360,67,0,6:00
297,EV,4998,XNA,ATL,3,360,119,0,6:00
298,EV,5011,ROA,DTW,3,360,98,0,6:00
299,EV,5027,MLI,ATL,3,360,130,0,6:00
300,EV,5079,LYH,ATL,3,360,85,0,6:00
301,EV,5141,EVV,ATL,3,360,80,0,6:00
302,EV,5169,HPN,ATL,3,360,151,0,6:00
303,EV,5265,SYR,DTW,3,360,115,0,6:00
304,EV,5275,FAY,ATL,3,360,86,0,6:00
305,EV,5313,EWN,ATL,3,360,98,0,6:00
306,EV,5316,CSG,ATL,3,360,44,0,6:00
307,EV,5366,SGF,ATL,3,360,119,0,6:00
308,EV,5374,CAK,ATL,3,360,109,1,6:00
309,EV,5387,GPT,ATL,3,360,80,1,6:00
310,EV,5435,MLU,ATL,3,360,98,1,6:00
311,EV,5460,MOB,ATL,3,360,77,1,6:00
312,EV,5479,LFT,ATL,3,360,120,0,6:00
313,EV,5491,OAJ,ATL,3,360,98,0,6:00
314,EV,5507,CHO,ATL,3,360,102,0,6:00
315,EV,5564,ILM,ATL,3,360,88,1,6:00
316,EV,5605,ROA,ATL,3,360,86,0,6:00
317,EV,7070,ROA,ORD,3,360,116,0,6:00
318,EV,7075,DTW,IAD,3,360,90,1,6:00
319,EV,7086,DAY,IAD,3,360,90,0,6:00
320,EV,7097,CMH,ORD,3,360,82,0,6:00
321,EV,7100,CAE,ORD,3,360,128,1,6:00
322,EV,7116,JFK,IAD,3,360,81,0,6:00
323,EV,7323,BMI,ATL,3,360,115,0,6:00
324,EV,7378,DEN,CVG,3,360,158,0,6:00
325,F9,225,MDW,DEN,3,360,157,1,6:00
326,F9,377,BOS,MKE,3,360,165,1,6:00
327,FL,143,DTW,ATL,3,360,125,0,6:00
328,FL,155,IND,BWI,3,360,105,0,6:00
329,FL,183,DCA,ATL,3,360,123,0,6:00
330,FL,200,CAK,ATL,3,360,120,0,6:00
331,FL,254,FNT,ATL,3,360,134,0,6:00
332,FL,281,BOS,ATL,3,360,180,0,6:00
333,FL,359,LGA,ATL,3,360,161,0,6:00
334,FL,429,PNS,ATL,3,360,69,0,6:00
335,FL,557,BUF,ATL,3,360,135,0,6:00
336,FL,630,DAY,BWI,3,360,93,0,6:00
337,FL,726,DFW,MKE,3,360,135,0,6:00
338,FL,738,MSP,MKE,3,360,70,0,6:00
339,FL,84,FLL,ATL,3,360,113,0,6:00
340,FL,901,PHF,ATL,3,360,123,0,6:00
341,FL,912,MKE,BWI,3,360,120,1,6:00
342,FL,942,ROC,BWI,3,360,83,0,6:00
343,FL,967,ACY,ATL,3,360,135,1,6:00
344,MQ,2731,CVG,DFW,3,360,165,0,6:00
345,MQ,2750,JAN,DFW,3,360,100,1,6:00
346,MQ,2963,CID,DFW,3,360,140,0,6:00
347,MQ,3256,GRK,DFW,3,360,50,0,6:00
348,MQ,3265,HOU,DFW,3,360,70,0,6:00
349,MQ,3280,CRP,DFW,3,360,80,0,6:00
350,MQ,3325,DSM,DFW,3,360,130,0,6:00
351,MQ,3357,MOB,DFW,3,360,115,0,6:00
352,MQ,3372,BTR,DFW,3,360,90,0,6:00
353,MQ,3450,XNA,DFW,3,360,70,0,6:00
354,MQ,3512,MKE,DFW,3,360,165,0,6:00
355,MQ,3650,TYS,MIA,3,360,135,0,6:00
356,MQ,3736,ORD,EWR,3,360,120,1,6:00
357,MQ,3748,ORD,MSP,3,360,85,0,6:00
358,MQ,3768,EWR,ORD,3,360,165,0,6:00
359,MQ,3807,ORD,ATL,3,360,120,1,6:00
360,MQ,3853,ATL,ORD,3,360,115,0,6:00
361,MQ,3884,CLE,ORD,3,360,85,0,6:00
362,MQ,3908,CRW,ORD,3,360,105,0,6:00
363,MQ,3914,ICT,ORD,3,360,105,0,6:00
364,MQ,3939,BNA,ORD,3,360,105,0,6:00
365,MQ,4067,RIC,ORD,3,360,140,0,6:00
366,MQ,4114,PIT,ORD,3,360,105,1,6:00
367,MQ,4176,CMH,ORD,3,360,80,0,6:00
368,MQ,4223,ROC,ORD,3,360,125,0,6:00
369,MQ,4260,BWI,ORD,3,360,140,0,6:00
370,MQ,4275,MSN,ORD,3,360,55,0,6:00
371,MQ,4382,BOS,JFK,3,360,79,0,6:00
372,MQ,4420,BOS,LGA,3,360,80,0,6:00
373,MQ,4448,DCA,JFK,3,360,70,0,6:00
374,MQ,4581,CLT,LGA,3,360,110,1,6:00
375,MQ,4625,LGA,RDU,3,360,100,0,6:00
376,MQ,4629,RDU,LGA,3,360,95,0,6:00
377,MQ,4650,LGA,ATL,3,360,150,0,6:00
378,MQ,4697,DTW,LGA,3,360,100,0,6:00
379,OH,6341,RIC,DTW,3,360,125,0,6:00
380,OH,6357,BDL,DCA,3,360,84,0,6:00
381,OH,6379,BOS,JFK,3,360,88,0,6:00
382,OH,6401,HTS,CVG,3,360,53,0,6:00
383,OH,6560,ORD,JFK,3,360,133,0,6:00
384,OH,6655,OMA,MEM,3,360,114,0,6:00
385,OH,6668,CHS,LGA,3,360,118,0,6:00
386,OO,4611,SAT,SLC,3,360,175,0,6:00
387,OO,4662,ABQ,SLC,3,360,101,0,6:00
388,OO,4676,BNA,MSP,3,360,144,0,6:00
389,OO,4765,LAS,LAX,3,360,75,0,6:00
390,OO,4802,DFW,SLC,3,360,168,1,6:00
391,OO,4888,COS,MSP,3,360,135,1,6:00
392,OO,6245,MFR,SFO,3,360,81,0,6:00
393,OO,6285,MFR,DEN,3,360,155,1,6:00
394,OO,6300,FAT,LAX,3,360,59,0,6:00
395,OO,6330,ONT,SFO,3,360,85,0,6:00
396,OO,6345,PSC,SFO,3,360,125,0,6:00
397,OO,6359,BOI,SFO,3,360,112,1,6:00
398,OO,6399,ORD,MCI,3,360,88,1,6:00
399,OO,6405,PDX,SFO,3,360,105,0,6:00
400,OO,6434,SBP,LAX,3,360,62,0,6:00
401,OO,6471,ABQ,LAX,3,360,121,0,6:00
402,OO,6506,ELP,LAX,3,360,137,0,6:00
403,OO,6512,CLD,LAX,3,360,40,1,6:00
404,OO,6586,PSP,DEN,3,360,131,0,6:00
405,OO,6612,SLC,DEN,3,360,93,0,6:00
406,OO,6682,SBA,DEN,3,360,142,0,6:00
407,OO,6684,MEM,ORD,3,360,110,0,6:00
408,OO,6732,MRY,DEN,3,360,146,0,6:00
409,OO,6743,ATW,ORD,3,360,55,0,6:00
410,OO,6766,GEG,SFO,3,360,136,1,6:00
411,OO,6820,RDD,SFO,3,360,78,0,6:00
412,OO,6836,PAH,ORD,3,360,78,1,6:00
413,OO,6893,ACV,SFO,3,360,82,1,6:00
414,OO,6918,CMX,ORD,3,360,82,0,6:00
415,OO,6930,ORD,TYS,3,360,87,1,6:00
416,OO,6936,SPI,ORD,3,360,60,0,6:00
417,OO,6948,COS,ORD,3,360,146,0,6:00
418,OO,6949,EUG,DEN,3,360,155,0,6:00
419,OO,6975,DFW,ORD,3,360,139,0,6:00
420,OO,6997,MKE,ORD,3,360,44,1,6:00
421,OO,7006,EUG,PDX,3,360,41,0,6:00
422,OO,7008,CIC,SFO,3,360,65,0,6:00
423,OO,7049,SEA,PDX,3,360,48,0,6:00
424,OO,7763,PIH,SLC,3,360,48,0,6:00
425,OO,7768,SGU,SLC,3,360,73,1,6:00
426,OO,7799,COD,SLC,3,360,89,0,6:00
427,UA,189,BWI,ORD,3,360,135,0,6:00
428,UA,18,LAX,DEN,3,360,146,0,6:00
429,UA,201,BOS,IAD,3,360,103,0,6:00
430,UA,203,BOS,ORD,3,360,171,0,6:00
431,UA,226,SFO,BOS,3,360,342,0,6:00
432,UA,234,OMA,ORD,3,360,96,1,6:00
433,UA,257,JAX,ORD,3,360,156,0,6:00
434,UA,303,JFK,SFO,3,360,404,0,6:00
435,UA,32,PDX,DEN,3,360,146,0,6:00
436,UA,337,PHL,ORD,3,360,137,0,6:00
437,UA,376,ORD,PHL,3,360,125,0,6:00
438,UA,410,SMF,DEN,3,360,144,0,6:00
439,UA,468,SEA,SFO,3,360,130,0,6:00
440,UA,475,CLT,ORD,3,360,133,1,6:00
441,UA,494,DSM,ORD,3,360,80,0,6:00
442,UA,506,SFO,PHX,3,360,120,0,6:00
443,UA,510,LAS,SFO,3,360,95,0,6:00
444,UA,520,MSP,ORD,3,360,84,0,6:00
445,UA,532,DEN,ORD,3,360,141,0,6:00
446,UA,650,BDL,IAD,3,360,94,0,6:00
447,UA,668,ORD,LGA,3,360,127,1,6:00
448,UA,669,LGA,ORD,3,360,150,0,6:00
449,UA,705,IAD,ORD,3,360,131,0,6:00
450,UA,707,ORD,DEN,3,360,160,0,6:00
451,UA,736,SFO,LAS,3,360,98,0,6:00
452,UA,740,OAK,DEN,3,360,146,0,6:00
453,UA,90,LAX,SFO,3,360,89,0,6:00
454,UA,922,ORD,IAD,3,360,108,0,6:00
455,US,1050,RDU,CLT,3,360,57,0,6:00
456,US,1262,MIA,PHL,3,360,169,0,6:00
457,US,1267,LGA,PHL,3,360,57,0,6:00
458,US,1296,STL,CLT,3,360,113,0,6:00
459,US,1440,BNA,CLT,3,360,74,0,6:00
460,US,1772,MHT,CLT,3,360,152,0,6:00
461,US,1997,ORD,CLT,3,360,118,0,6:00
462,US,2021,BOS,DCA,3,360,96,0,6:00
463,US,2114,LGA,BOS,3,360,62,1,6:00
464,US,2115,BOS,LGA,3,360,70,0,6:00
465,US,2158,DCA,LGA,3,360,60,0,6:00
466,US,2161,LGA,DCA,3,360,59,0,6:00
467,US,270,IAH,PHX,3,360,172,0,6:00
468,US,56,ORD,PHL,3,360,119,0,6:00
469,US,578,SFO,PHX,3,360,111,0,6:00
470,US,595,MCI,PHX,3,360,174,0,6:00
471,US,652,IND,PHX,3,360,235,0,6:00
472,US,86,OMA,PHX,3,360,175,1,6:00
473,US,952,FLL,PHL,3,360,157,0,6:00
474,US,985,MSY,CLT,3,360,108,1,6:00
475,WN,1067,OAK,SAN,3,360,85,1,6:00
476,WN,109,MSY,DEN,3,360,180,0,6:00
477,WN,1289,GEG,SEA,3,360,70,0,6:00
478,WN,1357,SMF,ONT,3,360,80,0,6:00
479,WN,1851,ONT,OAK,3,360,80,1,6:00
480,WN,1929,LAX,DEN,3,360,135,0,6:00
481,WN,2529,IND,DEN,3,360,185,1,6:00
482,WN,2643,SMF,LAX,3,360,80,1,6:00
483,WN,2891,MDW,IAD,3,360,105,0,6:00
484,WN,3061,LGA,MDW,3,360,150,0,6:00
485,WN,367,MDW,BNA,3,360,85,1,6:00
486,WN,3,LIT,DAL,3,360,70,0,6:00
487,WN,406,SEA,LAS,3,360,140,1,6:00
488,WN,425,BOS,MDW,3,360,175,0,6:00
489,WN,647,PHX,DEN,3,360,105,1,6:00
490,WN,702,MDW,LAS,3,360,245,1,6:00
491,WN,735,IAD,DEN,3,360,240,0,6:00
492,WN,748,SMF,DEN,3,360,145,1,6:00
493,WN,799,LAX,SFO,3,360,80,0,6:00
494,WN,944,OAK,ONT,3,360,75,1,6:00
495,XE,2143,GSP,IAH,3,360,160,1,6:00
496,XE,2231,JAN,IAH,3,360,77,1,6:00
497,XE,2384,SHV,IAH,3,360,55,0,6:00
498,XE,2485,ORF,IAH,3,360,201,0,6:00
499,XE,2614,CMH,EWR,3,360,97,0,6:00
500,XE,2644,GPT,IAH,3,360,81,1,6:00
501,XE,2652,LEX,IAH,3,360,159,1,6:00
502,XE,2745,BNA,EWR,3,360,127,0,6:00
503,XE,2904,GRR,CLE,3,360,58,1,6:00
504,XE,2997,MSP,EWR,3,360,158,1,6:00
505,XE,3037,CHS,IAH,3,360,167,0,6:00
506,XE,3047,BHM,IAH,3,360,116,1,6:00
507,XE,3066,RIC,EWR,3,360,69,0,6:00
508,XE,3115,PVD,CLE,3,360,117,0,6:00
509,XE,5905,ABE,ORD,3,360,136,1,6:00
510,XE,5924,ICT,ORD,3,360,110,1,6:00
511,XE,5941,TUL,ORD,3,360,113,0,6:00
512,XE,5949,BTV,ORD,3,360,159,0,6:00
513,XE,5958,GRB,ORD,3,360,60,0,6:00
514,XE,5983,CLE,IAD,3,360,75,1,6:00
515,XE,5984,TYS,IAD,3,360,95,0,6:00
516,XE,5986,FAR,ORD,3,360,112,1,6:00
517,XE,5991,XNA,ORD,3,360,105,0,6:00
518,XE,5992,FSD,ORD,3,360,96,0,6:00
519,YV,2692,MEM,CLT,3,360,105,0,6:00
520,YV,2718,MRY,PHX,3,360,145,0,6:00
521,YV,2931,SAT,PHX,3,360,146,0,6:00
522,YV,7218,ATL,IAD,3,360,100,0,6:00
523,YV,7236,ROC,ORD,3,360,117,0,6:00
524,YV,7238,ORD,JAX,3,360,135,0,6:00
525,YV,7287,ORF,ORD,3,360,143,0,6:00
526,B6,742,SJU,MCO,3,361,184,0,6:01
527,OO,6965,AVL,ORD,3,361,109,0,6:01
528,UA,664,SFO,ORD,3,361,249,0,6:01
529,CO,1406,PIT,IAH,3,362,188,1,6:02
530,OO,6497,BFL,DEN,3,362,144,0,6:02
531,OO,6749,RAP,DEN,3,362,76,0,6:02
532,OO,6829,SMF,SFO,3,362,48,0,6:02
533,OO,7052,DRO,DEN,3,362,76,0,6:02
534,UA,59,DEN,SFO,3,362,167,0,6:02
535,UA,635,RDU,ORD,3,362,139,0,6:02
536,UA,675,BUF,ORD,3,362,113,0,6:02
537,XE,5902,PIA,ORD,3,362,63,0,6:02
538,B6,1320,BWI,BOS,3,363,77,0,6:03
539,B6,740,PSE,JFK,3,363,237,0,6:03
540,DL,1943,EWR,ATL,3,363,156,0,6:03
541,XE,2006,GSO,EWR,3,363,89,0,6:03
542,XE,2783,TYS,IAH,3,363,142,0,6:03
543,HA,205,OGG,HNL,3,364,33,0,6:04
544,OO,6495,COS,LAX,3,364,161,0,6:04
545,OO,6991,BHM,ORD,3,364,132,1,6:04
546,UA,261,SFO,LAX,3,364,95,0,6:04
547,9E,3698,PIA,MSP,3,365,100,0,6:05
548,9E,3964,ALB,JFK,3,365,90,1,6:05
549,9E,4227,FWA,CVG,3,365,52,0,6:05
550,AA,1002,DEN,DFW,3,365,125,0,6:05
551,AA,1331,MCI,DFW,3,365,105,0,6:05
552,AA,1425,STL,ORD,3,365,75,0,6:05
553,AA,1698,SLC,DFW,3,365,170,0,6:05
554,AA,1851,DCA,MIA,3,365,160,1,6:05
555,AA,1938,MSP,MIA,3,365,225,0,6:05
556,AA,2127,PHL,MIA,3,365,175,0,6:05
557,AA,697,FLL,DFW,3,365,190,0,6:05
558,AA,705,LGA,DFW,3,365,250,0,6:05
559,AS,730,ANC,SEA,3,365,205,0,6:05
560,AS,73,SIT,JNU,3,365,42,0,6:05
561,B6,1235,BOS,RDU,3,365,125,0,6:05
562,B6,451,BOS,FLL,3,365,204,0,6:05
563,CO,1093,CMH,IAH,3,365,168,1,6:05
564,CO,1471,TUL,IAH,3,365,95,0,6:05
565,CO,151,RDU,IAH,3,365,180,0,6:05
566,CO,1831,PBI,IAH,3,365,163,0,6:05
567,DL,1024,BDL,ATL,3,365,175,0,6:05
568,DL,1583,RSW,CVG,3,365,141,0,6:05
569,DL,1937,BWI,DTW,3,365,103,0,6:05
570,DL,1982,MEM,ATL,3,365,85,0,6:05
571,DL,2385,BOS,CVG,3,365,145,0,6:05
572,DL,2931,LGA,DTW,3,365,118,0,6:05
573,DL,2940,OAK,SLC,3,365,108,0,6:05
574,EV,5343,GRR,ATL,3,365,130,0,6:05
575,FL,290,HOU,ATL,3,365,112,0,6:05
576,FL,461,BWI,ATL,3,365,126,0,6:05
577,MQ,3074,LAX,RNO,3,365,90,0,6:05
578,MQ,3366,CAE,DFW,3,365,185,0,6:05
579,MQ,3391,TXK,DFW,3,365,60,1,6:05
580,MQ,3894,XNA,ORD,3,365,100,1,6:05
581,MQ,4015,JAX,ORD,3,365,160,0,6:05
582,MQ,4077,ABE,ORD,3,365,140,0,6:05
583,OH,6358,LIT,DTW,3,365,131,0,6:05
584,OH,6522,PHL,MEM,3,365,178,0,6:05
585,OO,3045,DSM,MKE,3,365,66,0,6:05
586,OO,4794,ONT,SLC,3,365,104,0,6:05
587,OO,6232,FAT,LAS,3,365,77,1,6:05
588,OO,6558,RNO,DEN,3,365,129,0,6:05
589,OO,6722,PSC,DEN,3,365,139,1,6:05
590,OO,6750,ORD,ATL,3,365,124,1,6:05
591,UA,112,ONT,DEN,3,365,139,0,6:05
592,UA,524,ORD,BOS,3,365,139,0,6:05
593,UA,600,ORD,DCA,3,365,111,0,6:05
594,UA,634,ORD,EWR,3,365,125,0,6:05
595,US,486,RNO,PHX,3,365,107,0,6:05
596,WN,1136,LAS,LAX,3,365,65,0,6:05
597,WN,1426,STL,DAL,3,365,110,1,6:05
598,WN,1461,DEN,LAS,3,365,120,1,6:05
599,WN,1481,BNA,DEN,3,365,185,1,6:05
600,WN,1687,STL,DEN,3,365,150,1,6:05
601,WN,1772,SFO,SAN,3,365,85,0,6:05
602,WN,1824,MHT,BWI,3,365,110,1,6:05
603,WN,1945,SEA,DEN,3,365,160,1,6:05
604,WN,2557,STL,MDW,3,365,65,0,6:05
605,WN,2885,LAS,DEN,3,365,115,0,6:05
606,WN,28,BOS,BWI,3,365,110,0,6:05
607,WN,317,MDW,DEN,3,365,170,1,6:05
608,WN,3842,LAS,PHX,3,365,70,0,6:05
609,WN,388,AUS,ELP,3,365,100,1,6:05
610,WN,410,CMH,MDW,3,365,70,1,6:05
611,WN,673,DAL,SAT,3,365,65,0,6:05
612,XE,2528,MHT,CLE,3,365,119,0,6:05
613,XE,2696,DAY,CLE,3,365,54,0,6:05
614,XE,2995,IAD,IAH,3,365,211,0,6:05
615,CO,689,DTW,IAH,3,366,185,0,6:06
616,OO,6369,TUS,SFO,3,367,133,1,6:07
617,OO,6374,PSP,SFO,3,367,88,0,6:07
618,YV,7305,CLT,IAD,3,367,79,0,6:07
619,9E,3683,SCE,DTW,3,370,90,0,6:10
620,AA,1032,ONT,DFW,3,370,180,0,6:10
621,AA,1354,LAS,MIA,3,370,265,0,6:10
622,AA,1723,BWI,MIA,3,370,160,0,6:10
623,AA,2410,LAX,DFW,3,370,185,0,6:10
624,AA,301,LGA,ORD,3,370,160,0,6:10
625,AA,398,ORD,LGA,3,370,120,0,6:10
626,AA,488,SEA,DFW,3,370,230,1,6:10
627,AA,532,DFW,RDU,3,370,145,0,6:10
628,AA,700,DFW,LGA,3,370,190,1,6:10
629,AA,817,BNA,DFW,3,370,130,0,6:10
630,AS,151,ANC,OTZ,3,370,95,0,6:10
631,AS,340,SEA,OAK,3,370,122,0,6:10
632,AS,561,LAX,PDX,3,370,147,0,6:10
633,DL,1453,LGA,MSP,3,370,184,0,6:10
634,DL,1597,PHL,MSP,3,370,180,0,6:10
635,DL,1661,DTW,ATL,3,370,136,0,6:10
636,DL,1815,LGA,CVG,3,370,129,0,6:10
637,DL,2782,MSY,MEM,3,370,83,1,6:10
638,DL,2865,BUF,ATL,3,370,154,0,6:10
639,DL,328,JAN,ATL,3,370,83,0,6:10
640,EV,5176,VPS,MEM,3,370,88,0,6:10
641,EV,5247,DCA,MEM,3,370,147,1,6:10
642,EV,5612,MEI,ATL,3,370,68,1,6:10
643,EV,7119,ROC,IAD,3,370,80,0,6:10
644,EV,7132,CAE,IAD,3,370,83,0,6:10
645,F9,453,LGA,MKE,3,370,135,0,6:10
646,F9,653,ATL,DEN,3,370,201,1,6:10
647,FL,411,PWM,BWI,3,370,102,0,6:10
648,FL,69,IAD,ATL,3,370,119,0,6:10
649,FL,989,PIT,ATL,3,370,120,0,6:10
650,MQ,2743,FAY,DFW,3,370,195,0,6:10
651,MQ,3612,BHM,MIA,3,370,115,0,6:10
652,MQ,3685,MEM,MIA,3,370,145,0,6:10
653,MQ,4076,FAR,ORD,3,370,130,0,6:10
654,MQ,4117,TRI,ORD,3,370,110,0,6:10
655,MQ,4152,AZO,ORD,3,370,60,0,6:10
656,MQ,4414,RDU,JFK,3,370,95,0,6:10
657,MQ,4419,RDU,DCA,3,370,65,1,6:10
658,OH,6340,EWR,MEM,3,370,187,1,6:10
659,OH,6360,MDT,DTW,3,370,107,0,6:10
660,OH,6397,SYR,JFK,3,370,90,0,6:10
661,OH,6405,GSO,ATL,3,370,93,0,6:10
662,OH,6686,STL,CVG,3,370,73,0,6:10
663,OH,6770,IND,DCA,3,370,100,0,6:10
664,OO,4531,FCA,SLC,3,370,97,0,6:10
665,OO,4681,EUG,SLC,3,370,113,0,6:10
666,OO,4682,SJC,SLC,3,370,112,0,6:10
667,OO,4713,RAP,SLC,3,370,104,1,6:10
668,OO,4729,MFR,SLC,3,370,112,0,6:10
669,OO,4756,MCI,SLC,3,370,162,1,6:10
670,OO,6364,SBA,LAX,3,370,48,0,6:10
671,OO,6465,SLC,LAX,3,370,120,0,6:10
672,OO,6674,FAT,DEN,3,370,134,0,6:10
673,OO,6716,CRW,ORD,3,370,97,0,6:10
674,OO,6826,MRY,SFO,3,370,35,0,6:10
675,OO,6850,ORD,MBS,3,370,60,1,6:10
676,UA,414,ORD,BDL,3,370,129,0,6:10
677,UA,732,SEA,ORD,3,370,242,0,6:10
678,UA,893,BOS,SFO,3,370,410,0,6:10
679,UA,966,LAX,IAD,3,370,292,0,6:10
680,US,1223,SYR,DCA,3,370,82,0,6:10
681,US,12,SMF,PHX,3,370,109,0,6:10
682,US,1703,PVD,DCA,3,370,87,0,6:10
683,US,506,BOS,PHX,3,370,364,0,6:10
684,US,590,OAK,PHX,3,370,112,0,6:10
685,US,641,DFW,PHX,3,370,157,1,6:10
686,WN,1105,LAS,MDW,3,370,215,0,6:10
687,WN,1762,OAK,DEN,3,370,155,0,6:10
688,WN,3060,LAX,PHX,3,370,75,0,6:10
689,WN,3684,SAT,DEN,3,370,145,0,6:10
690,WN,3762,MSP,STL,3,370,105,1,6:10
691,WN,379,OAK,SEA,3,370,125,1,6:10
692,WN,380,SFO,DEN,3,370,155,0,6:10
693,WN,682,AUS,DEN,3,370,140,0,6:10
694,WN,821,OAK,LAX,3,370,75,0,6:10
695,XE,2251,IND,EWR,3,370,114,0,6:10
696,XE,2323,ALB,CLE,3,370,102,0,6:10
697,XE,2445,BOS,CLE,3,370,125,0,6:10
698,XE,2585,STL,EWR,3,370,137,0,6:10
699,XE,2718,BWI,EWR,3,370,54,0,6:10
700,XE,5998,ROA,IAD,3,370,65,1,6:10
701,YV,2735,ELP,PHX,3,370,80,0,6:10
702,YV,2933,ABQ,PHX,3,370,76,0,6:10
703,OO,6759,LIT,ORD,3,371,115,0,6:11
704,UA,791,LAS,DEN,3,371,120,0,6:11
705,UA,894,DEN,LAX,3,371,159,0,6:11
706,OO,6320,LAX,SAN,3,372,48,0,6:12
707,UA,871,MCI,DEN,3,372,118,0,6:12
708,XE,5950,BUF,IAD,3,372,74,0,6:12
709,HA,107,KOA,HNL,3,373,42,0,6:13
710,UA,243,MSP,DEN,3,373,139,0,6:13
711,UA,796,RDU,IAD,3,373,69,0,6:13
712,UA,812,GEG,DEN,3,373,133,0,6:13
713,XE,3081,BTV,EWR,3,373,77,0,6:13
714,9E,3692,FSD,DTW,3,375,130,1,6:15
715,9E,3751,ROC,DTW,3,375,103,0,6:15
716,9E,3815,PNS,MEM,3,375,91,0,6:15
717,9E,3946,MSN,MEM,3,375,118,0,6:15
718,9E,3997,MLI,MEM,3,375,96,0,6:15
719,9E,4259,PLN,DTW,3,375,95,0,6:15
720,9E,4388,IAD,DTW,3,375,108,0,6:15
721,9E,4390,CID,DTW,3,375,106,0,6:15
722,AA,2258,SAT,DFW,3,375,65,0,6:15
723,B6,1249,BOS,IAD,3,375,100,1,6:15
724,CO,1576,SJC,IAH,3,375,228,0,6:15
725,CO,1649,FLL,IAH,3,375,164,0,6:15
726,CO,223,SEA,IAH,3,375,245,0,6:15
727,DL,1125,PHF,ATL,3,375,116,0,6:15
728,DL,1244,HOU,ATL,3,375,130,0,6:15
729,DL,1408,DEN,MSP,3,375,129,0,6:15
730,DL,1432,BWI,MEM,3,375,147,0,6:15
731,DL,1516,DEN,ATL,3,375,170,0,6:15
732,DL,1762,BNA,DTW,3,375,126,0,6:15
733,DL,1909,FNT,ATL,3,375,146,0,6:15
734,DL,1999,MCI,MEM,3,375,88,0,6:15
735,DL,2052,MSY,ATL,3,375,95,0,6:15
736,DL,2154,LAX,ATL,3,375,252,1,6:15
737,DL,2570,LAX,SLC,3,375,119,0,6:15
738,DL,2578,SAN,SLC,3,375,120,0,6:15
739,EV,4993,ATL,DTW,3,375,110,1,6:15
740,EV,5075,MDT,ATL,3,375,133,0,6:15
741,EV,5182,GNV,ATL,3,375,75,0,6:15
742,EV,5364,MGM,MEM,3,375,76,0,6:15
743,EV,5611,LEX,ATL,3,375,85,0,6:15
744,EV,7349,OKC,MEM,3,375,93,0,6:15
745,F9,103,MSP,DEN,3,375,131,0,6:15
746,F9,143,HOU,DEN,3,375,146,0,6:15
747,F9,192,DAY,DEN,3,375,189,0,6:15
748,F9,262,STL,DEN,3,375,144,0,6:15
749,F9,319,DCA,MKE,3,375,130,0,6:15
750,F9,38,SEA,DEN,3,375,154,0,6:15
751,F9,496,CAK,DEN,3,375,202,1,6:15
752,FL,582,GRR,BWI,3,375,95,0,6:15
753,FL,656,SAT,ATL,3,375,131,0,6:15
754,FL,96,RDU,ATL,3,375,85,0,6:15
755,MQ,2810,SHV,DFW,3,375,60,0,6:15
756,MQ,3314,FWA,DFW,3,375,165,0,6:15
757,MQ,3600,CHS,MIA,3,375,105,0,6:15
758,MQ,4199,EVV,ORD,3,375,85,0,6:15
759,MQ,4503,CMH,JFK,3,375,105,0,6:15
760,MQ,4576,LGA,CLT,3,375,120,0,6:15
761,MQ,4590,MSP,LGA,3,375,164,0,6:15
762,MQ,4599,LGA,MSP,3,375,175,0,6:15
763,OH,6566,RIC,JFK,3,375,85,0,6:15
764,OH,6594,BHM,LGA,3,375,150,1,6:15
765,OO,4478,ORD,SLC,3,375,205,1,6:15
766,OO,4553,LAX,LAS,3,375,70,0,6:15
767,OO,4654,HLN,SLC,3,375,69,0,6:15
768,OO,6463,SMF,LAX,3,375,95,0,6:15
769,OO,6992,DLH,ORD,3,375,90,0,6:15
770,UA,33,DFW,DEN,3,375,136,0,6:15
771,US,1125,BDL,CLT,3,375,140,0,6:15
772,US,1433,BOS,CLT,3,375,152,0,6:15
773,US,1517,BDL,DCA,3,375,81,1,6:15
774,US,1626,CLT,LGA,3,375,100,0,6:15
775,US,1812,PHL,BOS,3,375,74,0,6:15
776,WN,1056,STL,LAS,3,375,235,1,6:15
777,WN,107,MDW,PHL,3,375,125,0,6:15
778,WN,1155,ONT,PHX,3,375,70,0,6:15
779,WN,1199,OKC,HOU,3,375,85,1,6:15
780,WN,1320,LAS,SEA,3,375,165,0,6:15
781,WN,1400,DEN,MDW,3,375,145,0,6:15
782,WN,1628,DAL,HOU,3,375,60,1,6:15
783,WN,1636,HOU,DAL,3,375,60,0,6:15
784,WN,1657,ELP,SAT,3,375,80,0,6:15
785,WN,1915,BDL,BWI,3,375,80,1,6:15
786,WN,2377,PIT,MCO,3,375,150,1,6:15
787,WN,2706,ELP,AUS,3,375,85,0,6:15
788,WN,3756,LAX,SMF,3,375,80,0,6:15
789,WN,3915,AUS,HOU,3,375,50,1,6:15
790,WN,532,PHX,MDW,3,375,200,1,6:15
791,WN,568,BHM,PHX,3,375,240,1,6:15
792,WN,685,OMA,STL,3,375,70,0,6:15
793,WN,697,LBB,AUS,3,375,70,0,6:15
794,WN,6,CRP,HOU,3,375,50,0,6:15
795,WN,756,MDW,MCI,3,375,95,1,6:15
796,WN,840,DEN,PHX,3,375,120,0,6:15
797,WN,912,OAK,SNA,3,375,85,1,6:15
798,XE,2046,AEX,IAH,3,375,62,0,6:15
799,XE,2072,RIC,IAH,3,375,199,1,6:15
800,XE,2175,BNA,IAH,3,375,134,0,6:15
801,XE,2535,SDF,EWR,3,375,114,0,6:15
802,XE,2853,DAY,EWR,3,375,108,0,6:15
803,XE,2946,JAX,EWR,3,375,132,0,6:15
804,YV,2631,EWR,CLT,3,375,115,0,6:15
805,YV,2924,AUS,PHX,3,375,148,0,6:15
806,HA,113,HNL,LIH,3,376,35,0,6:16
807,UA,472,SMF,ORD,3,376,245,0,6:16
808,OO,6314,PSP,LAX,3,377,47,0,6:17
809,UA,185,PHL,SFO,3,377,389,0,6:17
810,UA,671,PHX,SFO,3,377,138,0,6:17
811,OO,6438,GJT,DEN,3,378,60,0,6:18
812,OO,6568,SAN,LAX,3,378,52,0,6:18
813,OO,7037,CPR,DEN,3,378,69,0,6:18
814,UA,16,SAN,ORD,3,378,244,1,6:18
815,UA,484,SAN,DEN,3,378,149,0,6:18
816,OH,6621,LEX,DTW,3,379,86,0,6:19
817,UA,988,DSM,DEN,3,379,127,0,6:19
818,9E,3684,PIT,JFK,3,380,106,0,6:20
819,9E,3779,FSM,MEM,3,380,67,0,6:20
820,9E,3934,TUL,MEM,3,380,83,0,6:20
821,9E,4052,DAL,MEM,3,380,88,0,6:20
822,9E,4138,BUF,DTW,3,380,85,0,6:20
823,AA,1096,SAN,ORD,3,380,250,0,6:20
824,AA,1185,RDU,DFW,3,380,200,1,6:20
825,AA,1280,SJC,DFW,3,380,215,0,6:20
826,AA,1433,BDL,MIA,3,380,205,0,6:20
827,AA,1434,DFW,MCO,3,380,145,0,6:20
828,AA,1466,DFW,BOS,3,380,200,1,6:20
829,AA,2065,MFE,DFW,3,380,95,0,6:20
830,AA,2515,STL,MIA,3,380,160,0,6:20
831,AA,496,ORD,DCA,3,380,99,0,6:20
832,AA,689,ORF,DFW,3,380,220,1,6:20
833,AA,971,ATL,MIA,3,380,110,0,6:20
834,AS,477,LAX,SEA,3,380,165,0,6:20
835,AS,537,ONT,SEA,3,380,166,0,6:20
836,AS,658,PDX,SJC,3,380,108,0,6:20
837,B6,1321,BOS,BWI,3,380,89,0,6:20
838,CO,605,OKC,IAH,3,380,80,0,6:20
839,DL,1212,LAX,MSP,3,380,220,1,6:20
840,DL,1449,IAD,ATL,3,380,129,0,6:20
841,DL,1756,SAT,MSP,3,380,168,0,6:20
842,DL,1872,TPA,ATL,3,380,90,0,6:20
843,DL,2346,PDX,ATL,3,380,279,0,6:20
844,DL,2414,FLL,JFK,3,380,169,0,6:20
845,DL,2513,MSP,ATL,3,380,167,1,6:20
846,EV,4991,MYR,ATL,3,380,81,0,6:20
847,EV,5428,LFT,MEM,3,380,83,0,6:20
848,EV,7095,GSO,IAD,3,380,67,0,6:20
849,F9,650,SFO,DEN,3,380,150,0,6:20
850,F9,765,AUS,DEN,3,380,133,1,6:20
851,FL,132,TPA,ATL,3,380,95,0,6:20
852,FL,300,DEN,ATL,3,380,167,0,6:20
853,FL,684,ICT,ATL,3,380,126,0,6:20
854,FL,806,BOS,BWI,3,380,93,0,6:20
855,MQ,2985,AGS,DFW,3,380,175,0,6:20
856,MQ,3081,SAN,LAX,3,380,45,0,6:20
857,MQ,3302,MLI,DFW,3,380,140,0,6:20
858,MQ,4004,CVG,ORD,3,380,80,1,6:20
859,MQ,4278,CMI,ORD,3,380,55,0,6:20
860,OO,4529,OMA,SLC,3,380,156,1,6:20
861,OO,4554,GTF,SLC,3,380,88,0,6:20
862,OO,4638,SAN,LAX,3,380,49,0,6:20
863,OO,4667,TUL,SLC,3,380,154,1,6:20
864,OO,6454,MSN,ORD,3,380,55,0,6:20
865,OO,6701,FAR,DEN,3,380,128,0,6:20
866,OO,6832,SBA,SFO,3,380,88,0,6:20
867,OO,6974,HDN,DEN,3,380,67,1,6:20
868,UA,143,TPA,ORD,3,380,170,0,6:20
869,UA,353,LAX,LAS,3,380,80,0,6:20
870,UA,381,BDL,ORD,3,380,161,0,6:20
871,UA,658,SJC,DEN,3,380,156,0,6:20
872,US,1434,MIA,CLT,3,380,126,0,6:20
873,US,542,SJC,PHX,3,380,113,0,6:20
874,WN,1329,ONT,SMF,3,380,90,0,6:20
875,WN,1472,DEN,LAX,3,380,155,0,6:20
876,WN,1566,ALB,BWI,3,380,95,1,6:20
877,WN,1591,PHL,BOS,3,380,80,0,6:20
878,WN,220,BHM,HOU,3,380,115,0,6:20
879,WN,2552,RNO,LAS,3,380,80,1,6:20
880,WN,496,PDX,DEN,3,380,145,1,6:20
881,WN,758,DAL,LIT,3,380,60,0,6:20
882,WN,831,PHL,MDW,3,380,135,1,6:20
883,WN,909,ECP,BWI,3,380,130,0,6:20
884,XE,2208,MCI,EWR,3,380,157,0,6:20
885,XE,2788,CVG,EWR,3,380,112,0,6:20
886,YV,2934,BFL,PHX,3,380,92,1,6:20
887,FL,1435,PHF,BOS,3,381,89,1,6:21
888,HA,105,OGG,HNL,3,381,33,0,6:21
889,UA,132,PDX,ORD,3,381,234,0,6:21
890,UA,73,SAN,SFO,3,382,103,0,6:22
891,DL,1241,GSP,ATL,3,383,63,1,6:23
892,HA,101,ITO,HNL,3,383,49,0,6:23
893,UA,91,EWR,SFO,3,383,393,0,6:23
894,XE,2164,PIT,EWR,3,383,83,0,6:23
895,DL,1260,GEG,SLC,3,384,110,1,6:24
896,OO,6727,MTJ,DEN,3,384,63,0,6:24
897,9E,3928,PIA,DTW,3,385,93,0,6:25
898,AA,1361,HSV,DFW,3,385,135,0,6:25
899,AA,1462,MCI,ORD,3,385,95,0,6:25
900,AA,2042,DFW,FLL,3,385,150,0,6:25
901,AA,404,MIA,MCO,3,385,60,0,6:25
902,AA,419,BOS,DFW,3,385,270,0,6:25
903,AA,509,DTW,DFW,3,385,185,0,6:25
904,AA,608,SAN,DFW,3,385,185,0,6:25
905,AA,810,SFO,ORD,3,385,255,0,6:25
906,AS,304,SEA,SFO,3,385,133,0,6:25
907,B6,110,MSY,JFK,3,385,163,0,6:25
908,CO,1087,MCO,IAH,3,385,150,0,6:25
909,CO,1437,TPA,IAH,3,385,142,1,6:25
910,CO,625,EWR,CLE,3,385,100,0,6:25
911,CO,651,AUS,EWR,3,385,205,0,6:25
912,CO,724,CLE,EWR,3,385,83,0,6:25
913,DL,1092,TPA,DTW,3,385,169,0,6:25
914,DL,1192,SMF,SLC,3,385,103,0,6:25
915,DL,1592,SAN,ATL,3,385,249,0,6:25
916,DL,2163,DCA,MSP,3,385,173,0,6:25
917,DL,2258,RDU,MSP,3,385,184,0,6:25
918,DL,2283,CAE,ATL,3,385,78,1,6:25
919,DL,2728,RNO,SLC,3,385,92,0,6:25
920,DL,2938,ATL,DCA,3,385,94,0,6:25
921,EV,7305,HSV,MEM,3,385,67,0,6:25
922,EV,7372,GPT,MEM,3,385,83,1,6:25
923,F9,71,DTW,DEN,3,385,189,0,6:25
924,F9,790,PDX,DEN,3,385,144,1,6:25
925,FL,431,MKE,ATL,3,385,129,0,6:25
926,FL,516,CMH,ATL,3,385,108,0,6:25
927,MQ,2782,LEX,DFW,3,385,160,1,6:25
928,MQ,2830,PNS,DFW,3,385,125,0,6:25
929,MQ,4375,DCA,RDU,3,385,65,0,6:25
930,MQ,4464,LGA,BOS,3,385,65,0,6:25
931,OH,6421,EWR,CVG,3,385,140,1,6:25
932,OO,4489,COS,SLC,3,385,95,0,6:25
933,OO,4551,RDM,SLC,3,385,101,1,6:25
934,OO,4624,FAT,SLC,3,385,104,1,6:25
935,OO,4645,BTM,SLC,3,385,73,1,6:25
936,OO,4714,CPR,SLC,3,385,73,0,6:25
937,OO,4840,BIL,SLC,3,385,80,0,6:25
938,OO,6401,EUG,SFO,3,385,96,0,6:25
939,OO,6547,IAH,ORD,3,385,151,0,6:25
940,US,1019,PVD,CLT,3,385,143,0,6:25
941,US,1656,BUF,CLT,3,385,116,0,6:25
942,US,220,SAN,PHX,3,385,84,0,6:25
943,US,375,JFK,CLT,3,385,120,0,6:25
944,WN,1019,SFO,LAX,3,385,75,0,6:25
945,WN,1093,BUF,BWI,3,385,90,0,6:25
946,WN,1633,LAS,TUS,3,385,75,0,6:25
947,WN,205,SAT,MDW,3,385,155,0,6:25
948,WN,2102,LAS,SJC,3,385,85,0,6:25
949,WN,219,SMF,LAS,3,385,80,0,6:25
950,WN,264,DEN,STL,3,385,120,0,6:25
951,WN,3073,PVD,BWI,3,385,90,1,6:25
952,WN,370,PDX,SJC,3,385,105,0,6:25
953,WN,550,PHX,SJC,3,385,125,0,6:25
954,WN,579,LAX,OAK,3,385,80,0,6:25
955,WN,609,ABQ,PHX,3,385,80,0,6:25
956,WN,703,DAL,TUL,3,385,60,0,6:25
957,WN,734,DEN,MCI,3,385,105,1,6:25
958,WN,792,DTW,BNA,3,385,105,1,6:25
959,WN,863,MSY,HOU,3,385,75,0,6:25
960,WN,8,HRL,HOU,3,385,60,0,6:25
961,XE,2094,DTW,EWR,3,385,97,0,6:25
962,XE,2169,EWR,CMH,3,385,114,0,6:25
963,XE,2377,DSM,IAH,3,385,150,0,6:25
964,XE,2419,CLT,CLE,3,385,92,0,6:25
965,XE,2563,EWR,STL,3,385,172,1,6:25
966,XE,2660,XNA,IAH,3,385,104,1,6:25
967,XE,2927,DCA,CLE,3,385,72,1,6:25
968,XE,5973,TVC,ORD,3,385,79,0,6:25
969,YV,2702,SBP,PHX,3,385,94,0,6:25
970,YV,2903,SBA,PHX,3,385,91,0,6:25
971,OO,6828,RNO,SFO,3,386,69,0,6:26
972,XE,3067,PVD,EWR,3,386,64,0,6:26
973,UA,491,OKC,DEN,3,387,113,0,6:27
974,9E,3931,MBS,MSP,3,388,102,0,6:28
975,FL,234,RIC,ATL,3,388,107,0,6:28
976,OO,6517,TUS,LAX,3,388,95,0,6:28
977,OO,6933,ORD,LAN,3,388,49,0,6:28
978,XE,2821,ORF,CLE,3,388,107,1,6:28
979,XE,2921,GRR,IAH,3,388,182,0,6:28
980,OO,6243,SAT,LAX,3,389,201,0,6:29
981,OO,6564,COS,DEN,3,389,49,0,6:29
982,XE,2183,EWR,IND,3,389,139,0,6:29
983,XE,2437,EWR,RDU,3,389,104,0,6:29
984,XE,2549,EWR,CVG,3,389,131,0,6:29
985,9E,3669,SGF,MEM,3,390,75,1,6:30
986,9E,3778,COU,MEM,3,390,82,0,6:30
987,9E,3890,DLH,DTW,3,390,112,0,6:30
988,9E,3970,BHM,MEM,3,390,68,0,6:30
989,9E,3974,TVC,DTW,3,390,82,0,6:30
990,9E,4001,ORD,MEM,3,390,115,1,6:30
991,9E,4014,IND,DTW,3,390,80,0,6:30
992,9E,4117,ROC,ATL,3,390,145,1,6:30
993,9E,4211,STL,MEM,3,390,75,0,6:30
994,9E,4251,RDU,CVG,3,390,100,0,6:30
995,AA,1083,IAD,DFW,3,390,210,0,6:30
996,AA,1182,LAX,AUS,3,390,175,0,6:30
997,AA,1637,MCO,ORD,3,390,185,0,6:30
998,AA,201,JFK,LAX,3,390,385,0,6:30
999,AA,2401,DFW,LAX,3,390,205,0,6:30
1000,AA,851,TUL,ORD,3,390,120,0,6:30
